
{
    "produtos": [
    {
        "nome": "Arroz Agulha 1kg",
        "unidadeMedida": "kg",
        "categoria": "ALI",
        "validade": null,
        "restricoes": [ "VALIDADE_OBRIGATORIA" ]
    },
    {
        "nome": "Arroz Integral 1kg",
        "unidadeMedida": "kg",
        "categoria": "ALI",
        "validade": null,
        "restricoes": [ "VALIDADE_OBRIGATORIA" ]
    },
    {
        "nome": "Massa Esparguete 500g",
        "unidadeMedida": "g",
        "categoria": "ALI",
        "validade": null,
        "restricoes": [ "VALIDADE_OBRIGATORIA" ]
    },
    {
        "nome": "Massa Cotovelo 500g",
        "unidadeMedida": "g",
        "categoria": "ALI",
        "validade": null,
        "restricoes": [ "VALIDADE_OBRIGATORIA" ]
    },
    {
        "nome": "Atum em Óleo 120g",
        "unidadeMedida": "g",
        "categoria": "ALI",
        "validade": null,
        "restricoes": [ "VALIDADE_OBRIGATORIA" ]
    },
    {
        "nome": "Atum em Água 120g",
        "unidadeMedida": "g",
        "categoria": "ALI",
        "validade": null,
        "restricoes": [ "VALIDADE_OBRIGATORIA" ]
    },
    {
        "nome": "Bolacha Maria 400g",
        "unidadeMedida": "g",
        "categoria": "ALI",
        "validade": null,
        "restricoes": [ "VALIDADE_OBRIGATORIA" ]
    },
    {
        "nome": "Bolacha Chocolate 300g",
        "unidadeMedida": "g",
        "categoria": "ALI",
        "validade": null,
        "restricoes": [ "VALIDADE_OBRIGATORIA" ]
    },
    {
        "nome": "Açúcar Branco 1kg",
        "unidadeMedida": "kg",
        "categoria": "ALI",
        "validade": null,
        "restricoes": [ ]
    },
    {
        "nome": "Farinha Trigo 1kg",
        "unidadeMedida": "kg",
        "categoria": "ALI",
        "validade": null,
        "restricoes": [ ]
    },

    {
        "nome": "Leite Meio-Gordo 1L",
        "unidadeMedida": "litro",
        "categoria": "BEB",
        "validade": null,
        "restricoes": [ "FRIO", "VALIDADE_OBRIGATORIA" ]
    },
    {
        "nome": "Leite Magro 1L",
        "unidadeMedida": "litro",
        "categoria": "BEB",
        "validade": null,
        "restricoes": [ "FRIO", "VALIDADE_OBRIGATORIA" ]
    },
    {
        "nome": "Sumo Laranja 1L",
        "unidadeMedida": "litro",
        "categoria": "BEB",
        "validade": null,
        "restricoes": [ "VALIDADE_OBRIGATORIA" ]
    },
    {
        "nome": "Sumo Maçã 1L",
        "unidadeMedida": "litro",
        "categoria": "BEB",
        "validade": null,
        "restricoes": [ "VALIDADE_OBRIGATORIA" ]
    },
    {
        "nome": "Água Mineral 1.5L",
        "unidadeMedida": "litro",
        "categoria": "BEB",
        "validade": null,
        "restricoes": [ ]
    },
    {
        "nome": "Água com Gás 1L",
        "unidadeMedida": "litro",
        "categoria": "BEB",
        "validade": null,
        "restricoes": [ ]
    },

    {
        "nome": "Shampoo Cabelo Seco 400ml",
        "unidadeMedida": "ml",
        "categoria": "HIG",
        "validade": null,
        "restricoes": [ ]
    },
    {
        "nome": "Shampoo Cabelo Oleoso 400ml",
        "unidadeMedida": "ml",
        "categoria": "HIG",
        "validade": null,
        "restricoes": [ ]
    },
    {
        "nome": "Gel de Banho 500ml",
        "unidadeMedida": "ml",
        "categoria": "HIG",
        "validade": null,
        "restricoes": [ ]
    },
    {
        "nome": "Sabonete em Barra 90g",
        "unidadeMedida": "g",
        "categoria": "HIG",
        "validade": null,
        "restricoes": [ ]
    },
    {
        "nome": "Creme Dental 75ml",
        "unidadeMedida": "ml",
        "categoria": "HIG",
        "validade": null,
        "restricoes": [ ]
    },
    {
        "nome": "Escova de Dentes Macia",
        "unidadeMedida": "unidade",
        "categoria": "HIG",
        "validade": null,
        "restricoes": [ ]
    },

    {
        "nome": "Detergente Loiça 1L",
        "unidadeMedida": "litro",
        "categoria": "LIM",
        "validade": null,
        "restricoes": [ "PERIGOSO", "TOXICO" ]
    },
    {
        "nome": "Detergente Roupa 3L",
        "unidadeMedida": "litro",
        "categoria": "LIM",
        "validade": null,
        "restricoes": [ "PERIGOSO", "TOXICO" ]
    },
    {
        "nome": "Amaciador Roupa 2L",
        "unidadeMedida": "litro",
        "categoria": "LIM",
        "validade": null,
        "restricoes": [ "PERIGOSO", "TOXICO" ]
    },
    {
        "nome": "Lixívia 1L",
        "unidadeMedida": "litro",
        "categoria": "LIM",
        "validade": null,
        "restricoes": [ "PERIGOSO", "TOXICO" ]
    },
    {
        "nome": "Esponja de Cozinha",
        "unidadeMedida": "unidade",
        "categoria": "LIM",
        "validade": null,
        "restricoes": [ ]
    },
    {
        "nome": "Pano Microfibra",
        "unidadeMedida": "unidade",
        "categoria": "LIM",
        "validade": null,
        "restricoes": [ ]
    },

    {
        "nome": "Camisola Algodão M",
        "unidadeMedida": "unidade",
        "categoria": "ROU",
        "validade": null,
        "restricoes": [ ]
    },
    {
        "nome": "Camisola Algodão L",
        "unidadeMedida": "unidade",
        "categoria": "ROU",
        "validade": null,
        "restricoes": [ ]
    },
    {
        "nome": "Calças de Ganga 40",
        "unidadeMedida": "unidade",
        "categoria": "ROU",
        "validade": null,
        "restricoes": [ ]
    },
    {
        "nome": "Calças de Ganga 42",
        "unidadeMedida": "unidade",
        "categoria": "ROU",
        "validade": null,
        "restricoes": [ ]
    },
    {
        "nome": "Casaco Impermeável L",
        "unidadeMedida": "unidade",
        "categoria": "ROU",
        "validade": null,
        "restricoes": [ "VOLUMOSO" ]
    },
    {
        "nome": "Casaco Inverno M",
        "unidadeMedida": "unidade",
        "categoria": "ROU",
        "validade": null,
        "restricoes": [ "VOLUMOSO" ]
    },

    {
        "nome": "Computador Portátil 15",
        "unidadeMedida": "unidade",
        "categoria": "ELE",
        "validade": null,
        "restricoes": [ "FRAGIL", "VOLUMOSO" ]
    },
    {
        "nome": "Telemóvel Android 128GB",
        "unidadeMedida": "unidade",
        "categoria": "ELE",
        "validade": null,
        "restricoes": [ "FRAGIL" ]
    },
    {
        "nome": "Monitor 24\"",
        "unidadeMedida": "unidade",
        "categoria": "ELE",
        "validade": null,
        "restricoes": [ "FRAGIL", "VOLUMOSO" ]
    },
    {
        "nome": "Rato Ótico USB",
        "unidadeMedida": "unidade",
        "categoria": "ELE",
        "validade": null,
        "restricoes": [ ]
    },
    {
        "nome": "Teclado Mecânico",
        "unidadeMedida": "unidade",
        "categoria": "ELE",
        "validade": null,
        "restricoes": [ ]
    },
    {
        "nome": "Auriculares Bluetooth",
        "unidadeMedida": "unidade",
        "categoria": "ELE",
        "validade": null,
        "restricoes": [ "FRAGIL" ]
    },

    {
        "nome": "Paracetamol 500mg 20 comprimidos",
        "unidadeMedida": "unidade",
        "categoria": "MED",
        "validade": null,
        "restricoes": [ "VALIDADE_OBRIGATORIA", "TOXICO" ]
    },
    {
        "nome": "Ibuprofeno 400mg 20 comprimidos",
        "unidadeMedida": "unidade",
        "categoria": "MED",
        "validade": null,
        "restricoes": [ "VALIDADE_OBRIGATORIA", "TOXICO" ]
    },
    {
        "nome": "Vitamina C 1000mg 30 comprimidos",
        "unidadeMedida": "unidade",
        "categoria": "MED",
        "validade": null,
        "restricoes": [ "VALIDADE_OBRIGATORIA" ]
    },
    {
        "nome": "Xarope Tosse 150ml",
        "unidadeMedida": "ml",
        "categoria": "MED",
        "validade": null,
        "restricoes": [ "VALIDADE_OBRIGATORIA", "TOXICO" ]
    },
    {
        "nome": "Pomada Anti-inflamatória 50g",
        "unidadeMedida": "g",
        "categoria": "MED",
        "validade": null,
        "restricoes": [ "VALIDADE_OBRIGATORIA", "TOXICO" ]
    },
    {
        "nome": "Soro Fisiológico 250ml",
        "unidadeMedida": "ml",
        "categoria": "MED",
        "validade": null,
        "restricoes": [ "VALIDADE_OBRIGATORIA" ]
    },

    {
        "nome": "Ração Cão Adulto 10kg",
        "unidadeMedida": "kg",
        "categoria": "PET",
        "validade": null,
        "restricoes": [ "VALIDADE_OBRIGATORIA" ]
    },
    {
        "nome": "Ração Gato Adulto 5kg",
        "unidadeMedida": "kg",
        "categoria": "PET",
        "validade": null,
        "restricoes": [ "VALIDADE_OBRIGATORIA" ]
    },
    {
        "nome": "Areia Higiénica Gato 10L",
        "unidadeMedida": "litro",
        "categoria": "PET",
        "validade": null,
        "restricoes": [ "VOLUMOSO" ]
    },
    {
        "nome": "Snack Cão Dentário",
        "unidadeMedida": "unidade",
        "categoria": "PET",
        "validade": null,
        "restricoes": [ "VALIDADE_OBRIGATORIA" ]
    },

    {
        "nome": "Papel Higiénico 12 rolos",
        "unidadeMedida": "unidade",
        "categoria": "PAP",
        "validade": null,
        "restricoes": [ "VOLUMOSO" ]
    },
    {
        "nome": "Guardanapos Papel 100 un",
        "unidadeMedida": "unidade",
        "categoria": "PAP",
        "validade": null,
        "restricoes": [ ]
    },
    {
        "nome": "Rolo Cozinha 4 un",
        "unidadeMedida": "unidade",
        "categoria": "PAP",
        "validade": null,
        "restricoes": [ "VOLUMOSO" ]
    },

    {
        "nome": "Pizza Congelada Queijo",
        "unidadeMedida": "unidade",
        "categoria": "BRQ",
        "validade": null,
        "restricoes": [ "CONGELADO", "VALIDADE_OBRIGATORIA" ]
    },
    {
        "nome": "Pizza Congelada Fiambre",
        "unidadeMedida": "unidade",
        "categoria": "BRQ",
        "validade": null,
        "restricoes": [ "CONGELADO", "VALIDADE_OBRIGATORIA" ]
    },
    {
        "nome": "Ervilhas Congeladas 1kg",
        "unidadeMedida": "kg",
        "categoria": "BRQ",
        "validade": null,
        "restricoes": [ "CONGELADO", "VALIDADE_OBRIGATORIA" ]
    },
    {
        "nome": "Batatas Fritas Congeladas 1kg",
        "unidadeMedida": "kg",
        "categoria": "BRQ",
        "validade": null,
        "restricoes": [ "CONGELADO", "VALIDADE_OBRIGATORIA" ]
    }
    ],

  "utilizadores": [
    {
      "nome": "João Silva",
      "email": "joao@distrib.pt",
      "password": "admin123",
      "permissoes": ["criar_produto", "criar_fornecedor", "gerir_lojas", "ver_relatorios", "gerir_utilizadores"],
      "cargo": "ADMINISTRADOR"
    },
    {
      "nome": "Maria Santos",
      "email": "maria@distrib.pt",
      "password": "gestor456",
      "permissoes": ["ver_relatorios", "gerir_stock", "aprovar_rececoes", "gerir_lojas"],
      "cargo": "GESTOR_LOG"
    },
    {
      "nome": "Pedro Costa",
      "email": "pedro.arm@distrib.pt",
      "password": "armazem789",
      "permissoes": ["gerir_stock", "ver_rececoes", "mover_produtos"],
      "cargo": "OPERADOR_ARM"
    },
    {
      "nome": "Ana Pereira",
      "email": "ana.sel@distrib.pt",
      "password": "selecao101",
      "permissoes": ["selecionar_encomendas", "ver_stock", "confirmar_selecao"],
      "cargo": "OPERADOR_SEL"
    },
    {
      "nome": "Carlos Almeida",
      "email": "carlos.rec@distrib.pt",
      "password": "rececao202",
      "permissoes": ["registar_rececoes", "ver_fornecedores", "reportar_nc"],
      "cargo": "OPERADOR_REC"
    },
    {
      "nome": "Rita Oliveira",
      "email": "rita.sel@distrib.pt",
      "password": "rita303",
      "permissoes": ["selecionar_encomendas", "ver_stock"],
      "cargo": "OPERADOR_SEL"
    },
    {
      "nome": "Miguel Sousa",
      "email": "miguel.arm@distrib.pt",
      "password": "arm404",
      "permissoes": ["gerir_stock"],
      "cargo": "OPERADOR_ARM"
    },
    {
      "nome": "Sofia Rodrigues",
      "email": "sofia.rec@distrib.pt",
      "password": "rec505",
      "permissoes": ["registar_rececoes"],
      "cargo": "OPERADOR_REC"
    },
    {
      "nome": "Luís Fernandes",
      "email": "luis@distrib.pt",
      "password": "gestor606",
      "permissoes": ["gerir_lojas", "ver_relatorios"],
      "cargo": "GESTOR_LOG"
    },
    {
      "nome": "Inês Martins",
      "email": "ines.admin@distrib.pt",
      "password": "admin707",
      "permissoes": ["gerir_utilizadores"],
      "cargo": "ADMINISTRADOR"
    }
  ],

  "fornecedores": [
    {"nome": "Lactogal", "email": "log@lacto.pt", "telefone": "234123456"},
    {"nome": "Pingo Doce", "email": "fornec@pingo.pt", "telefone": "234789012"},
    {"nome": "Continente", "email": "compras@continente.pt", "telefone": "234567890"},
    {"nome": "Lidl Portugal", "email": "fornecedores@lidl.pt", "telefone": "234098765"},
    {"nome": "Jerónimo Martins", "email": "jm@jm.pt", "telefone": "234432109"},
    {"nome": "Auchan", "email": "auchan@fornecedores.pt", "telefone": "234876543"},
    {"nome": "E.Leclerc", "email": "leclerc@compra.pt", "telefone": "234210987"},
    {"nome": "Aldi", "email": "aldi@fornec.pt", "telefone": "234654321"},
    {"nome": "Intermarché", "email": "inter@inter.pt", "telefone": "234111222"},
    {"nome": "Ministra", "email": "ministra@local.pt", "telefone": "234333444"}
  ],

  "lojas": [
    {"nome": "Loja Centro", "morada": "Rua Central 123, Ponta Delgada"},
    {"nome": "Loja Norte", "morada": "Av. Norte 456, Ribeira Grande"},
    {"nome": "Loja Sul", "morada": "Rua Sul 789, Vila Franca do Campo"},
    {"nome": "Loja Leste", "morada": "Estrada Leste 101, Nordeste"},
    {"nome": "Loja Oeste", "morada": "Caminho Oeste 202, Mosteiros"},
    {"nome": "Hipermercado Central", "morada": "Via Rápida 303, Ponta Delgada"},
    {"nome": "Supermercado Familiar", "morada": "Bairro Novo 404, Fenais da Luz"},
    {"nome": "Loja Express Norte", "morada": "Rua Express 505, Rosto Seco"},
    {"nome": "Centro Comercial Sul", "morada": "Av. Comercial 606, Água de Pau"},
    {"nome": "Loja Rural Leste", "morada": "Caminho Rural 707, S. Roque"}
  ]
}
